{
  "$schema": "https://json-schema.org/draft/2020-12/schema",
  "$id": "https://introspective.dev/schemas/manifest.schema.json",
  "title": "INTrospective Generator Manifest v1.0.0",
  "description": "Security-first, deterministic code generation manifest with OWASP Top 10 enforcement",
  "type": "object",
  "additionalProperties": false,
  "required": ["app", "stack", "modules", "security", "quality"],
  
  "properties": {
    "app": {
      "type": "object",
      "additionalProperties": false,
      "required": ["name", "useCase", "version"],
      "properties": {
        "name": {
          "type": "string",
          "minLength": 1,
          "maxLength": 64,
          "pattern": "^[a-zA-Z0-9_-]+$"
        },
        "useCase": {
          "type": "string",
          "enum": [
            "analytics_dashboard",
            "crm_system",
            "ecommerce",
            "collaboration_tool",
            "api_backend",
            "ai_assistant"
          ]
        },
        "description": {
          "type": "string",
          "maxLength": 300
        },
        "version": {
          "type": "string",
          "pattern": "^[0-9]+\\.[0-9]+\\.[0-9]+$"
        }
      }
    },

    "stack": {
      "type": "object",
      "additionalProperties": false,
      "required": ["backend", "frontend", "database", "orm", "migrations"],
      "properties": {
        "backend": {
          "type": "string",
          "enum": ["fastapi", "express", "django"]
        },
        "frontend": {
          "type": "string",
          "enum": ["react_vite", "nextjs", "vue"]
        },
        "database": {
          "type": "string",
          "enum": ["postgresql", "mysql", "supabase"]
        },
        "orm": {
          "type": "string",
          "enum": ["sqlalchemy2", "prisma", "typeorm"]
        },
        "migrations": {
          "type": "string",
          "enum": ["alembic", "prisma", "typeorm"]
        }
      }
    },

    "modules": {
      "type": "object",
      "additionalProperties": false,
      "required": ["core"],
      "properties": {
        "core": {
          "type": "boolean",
          "const": true
        },
        "analytics_uploads": {
          "type": "object",
          "additionalProperties": false,
          "required": ["enabled"],
          "properties": {
            "enabled": {"type": "boolean"},
            "maxFileSizeMb": {
              "type": "integer",
              "minimum": 1,
              "maximum": 500,
              "default": 25
            },
            "maxFilesPerBatch": {
              "type": "integer",
              "minimum": 1,
              "maximum": 100,
              "default": 10
            },
            "allowedTypes": {
              "type": "array",
              "minItems": 1,
              "items": {
                "type": "string",
                "enum": [
                  "text/csv",
                  "application/json",
                  "application/vnd.openxmlformats-officedocument.spreadsheetml.sheet",
                  "text/plain"
                ]
              },
              "uniqueItems": true,
              "default": ["text/csv", "application/json"]
            },
            "storageMode": {
              "type": "string",
              "enum": ["previews_only", "raw_and_previews"],
              "default": "previews_only"
            },
            "previewRows": {
              "type": "integer",
              "minimum": 100,
              "maximum": 10000,
              "default": 2000
            }
          }
        },
        "dashboard_builder": {
          "type": "object",
          "additionalProperties": false,
          "required": ["enabled"],
          "properties": {
            "enabled": {"type": "boolean"},
            "optionsPerGeneration": {
              "type": "integer",
              "const": 3,
              "description": "Must always return exactly 3 dashboard options"
            },
            "defaultVizEngine": {
              "type": "string",
              "enum": ["echarts", "chartjs"],
              "default": "echarts"
            }
          }
        },
        "semantic_model": {
          "type": "object",
          "additionalProperties": false,
          "required": ["enabled"],
          "properties": {
            "enabled": {"type": "boolean"},
            "required": {
              "type": "boolean",
              "description": "If true, dashboards cannot be generated without semantic model"
            }
          }
        },
        "auth": {
          "type": "object",
          "additionalProperties": false,
          "required": ["enabled", "provider"],
          "properties": {
            "enabled": {"type": "boolean"},
            "provider": {
              "type": "string",
              "enum": ["none", "supabase", "auth0", "clerk"]
            }
          },
          "allOf": [
            {
              "if": {
                "properties": {"enabled": {"const": true}},
                "required": ["enabled"]
              },
              "then": {
                "properties": {
                  "provider": {
                    "not": {"const": "none"}
                  }
                }
              }
            }
          ]
        },
        "pwa": {
          "type": "object",
          "additionalProperties": false,
          "required": ["enabled"],
          "properties": {
            "enabled": {"type": "boolean"},
            "offlineMode": {"type": "boolean", "default": false}
          }
        }
      }
    },

    "security": {
      "type": "object",
      "additionalProperties": false,
      "required": ["owaspCompliance", "inputValidation", "secretsManagement"],
      "properties": {
        "owaspCompliance": {
          "type": "object",
          "additionalProperties": false,
          "required": ["enforced", "checks"],
          "properties": {
            "enforced": {"type": "boolean", "const": true},
            "checks": {
              "type": "array",
              "minItems": 5,
              "items": {
                "type": "string",
                "enum": [
                  "A01_broken_access_control",
                  "A02_cryptographic_failures",
                  "A03_injection",
                  "A04_insecure_design",
                  "A05_security_misconfiguration",
                  "A06_vulnerable_components",
                  "A07_auth_failures",
                  "A08_software_integrity",
                  "A09_logging_failures",
                  "A10_ssrf"
                ]
              },
              "uniqueItems": true
            }
          }
        },
        "inputValidation": {
          "type": "object",
          "additionalProperties": false,
          "required": ["enforced", "strategy"],
          "properties": {
            "enforced": {"type": "boolean", "const": true},
            "strategy": {
              "type": "string",
              "enum": ["whitelist", "schema_validation"],
              "default": "whitelist"
            },
            "mimeSniffing": {"type": "boolean", "const": true},
            "extensionChecks": {"type": "boolean", "const": true}
          }
        },
        "secretsManagement": {
          "type": "object",
          "additionalProperties": false,
          "required": ["strategy", "rotation"],
          "properties": {
            "strategy": {
              "type": "string",
              "enum": ["env_vars", "vault", "secrets_manager"]
            },
            "rotation": {
              "type": "string",
              "enum": ["manual", "quarterly", "monthly"]
            },
            "envExampleRequired": {"type": "boolean", "const": true}
          }
        },
        "errorHandling": {
          "type": "object",
          "additionalProperties": false,
          "required": ["format"],
          "properties": {
            "format": {
              "type": "string",
              "const": "cause_fix_retry",
              "description": "All errors must follow Cause → Fix → Retry pattern"
            },
            "noStackTracesInProd": {"type": "boolean", "const": true}
          }
        }
      }
    },

    "quality": {
      "type": "object",
      "additionalProperties": false,
      "required": ["generationReport", "tests", "ci", "determinism"],
      "properties": {
        "generationReport": {
          "type": "boolean",
          "const": true,
          "description": "GENERATION_REPORT.md is mandatory"
        },
        "tests": {
          "type": "object",
          "additionalProperties": false,
          "required": ["smoke", "unit"],
          "properties": {
            "smoke": {
              "type": "boolean",
              "const": true,
              "description": "Smoke tests are mandatory"
            },
            "unit": {"type": "boolean"},
            "e2e": {"type": "boolean", "default": false}
          }
        },
        "ci": {
          "type": "object",
          "additionalProperties": false,
          "required": ["enabled", "checks"],
          "properties": {
            "enabled": {"type": "boolean"},
            "checks": {
              "type": "array",
              "minItems": 2,
              "items": {
                "type": "string",
                "enum": ["lint", "typecheck", "test", "smoke", "security_scan"]
              },
              "uniqueItems": true
            }
          }
        },
        "determinism": {
          "type": "object",
          "additionalProperties": false,
          "required": ["manifestHash", "lockfile"],
          "properties": {
            "manifestHash": {
              "type": "string",
              "const": "sha256",
              "description": "Manifest must be hashed with SHA-256"
            },
            "lockfile": {
              "type": "boolean",
              "const": true,
              "description": "manifest.lock.json is mandatory"
            }
          }
        }
      }
    }
  }
}
